{
  "project_info": {
    "project_number": "204770190481",
    "project_id": "recetasappleidy",
    "storage_bucket": "recetasappleidy.appspot.com"
  },
  "client": [
    {
      "client_info": {
        "mobilesdk_app_id": "1:204770190481:android:de55704dce27e17578cb30",
        "android_client_info": {
          "package_name": "com.platzi.misrecetas"
        }
      },
      "oauth_client": [
        {
          "client_id": "204770190481-hmqd0muvgl12eel7r93pkuin0jnf22i9.apps.googleusercontent.com",
          "client_type": 1,
          "android_info": {
            "package_name": "com.platzi.misrecetas",
            "certificate_hash": "09036d1e61f2502ec7d4d4a8ae7c1e570480a8d8"
          }
        },
        {
          "client_id": "204770190481-59l0oaimaj3r48j2e69qvjq145vj3h4n.apps.googleusercontent.com",
          "client_type": 3
        }
      ],
      "api_key": [
        {
          "current_key": "AIzaSyCQbpbp4hkvNI-vGctljCuBLgvc3p3eocA"
        }
      ],
      "services": {
        "appinvite_service": {
          "other_platform_oauth_client": [
            {
              "client_id": "204770190481-59l0oaimaj3r48j2e69qvjq145vj3h4n.apps.googleusercontent.com",
              "client_type": 3
            }
          ]
        }
      }
    }
  ],
  "configuration_version": "1"
}